{"mean": [0.47212331324413936, 0.43861518364356117, 0.4086422195359413], "std": [0.27245459085224794, 0.26185687781403594, 0.2586131933050767]}