{"mean": [0.47234700900303056, 0.4382244482678231, 0.40594526457323005], "std": [0.27302789012779943, 0.2632574636219577, 0.2591177074108362]}