{"mean": [0.485346870525449, 0.4513692035192401, 0.41594281577430126], "std": [0.2705374204615129, 0.2614602700098331, 0.25809524396049616]}